City_ID,City,Lat,Lng,Max Temp,Max Temp (c),Humidity,Cloudiness,Wind Speed,Country,Date
0,bahia blanca,-38.7196,-62.2724,290.44,17.29000000000002,100,0,3.6,AR,1674818625
1,kargasok,59.0556,80.8572,266.87,-6.279999999999973,91,99,5.44,RU,1674818625
2,cape town,-33.9258,18.4232,299.87,26.720000000000027,52,0,7.72,ZA,1674818625
3,port alfred,-33.5906,26.891,299.36,26.210000000000036,78,10,1.79,ZA,1674818626
4,punta arenas,-53.15,-70.9167,283.21,10.060000000000002,76,75,2.57,CL,1674818626
5,sudbury,46.49,-80.99,252.69,-20.45999999999998,100,23,1.42,CA,1674818628
6,jamestown,42.097,-79.2353,269.92,-3.2299999999999613,73,100,4.63,US,1674818628
7,hobart,-42.8794,147.3294,294.07,20.920000000000016,52,0,6.17,AU,1674818457
8,mataura,-46.1927,168.8643,279.77,6.6200000000000045,88,3,0.61,NZ,1674818629
9,bethel,41.3712,-73.414,273.98,0.8300000000000409,77,0,0.0,US,1674818629
10,vaini,-21.2,-175.2,298.24,25.090000000000032,100,20,1.03,TO,1674818630
11,antsohihy,-14.8796,47.9875,304.29,31.140000000000043,60,78,4.6,MG,1674818630
12,matamoros,25.5333,-103.25,280.21,7.060000000000002,62,20,4.63,MX,1674818630
13,mount isa,-20.7333,139.5,305.02,31.870000000000005,43,58,3.09,AU,1674818631
14,hasaki,35.7333,140.8333,276.6,3.4500000000000455,87,100,0.93,JP,1674818396
15,marsaxlokk,35.8419,14.5431,286.49,13.340000000000032,71,20,7.72,MT,1674818632
16,nanortalik,60.1432,-45.2371,268.95,-4.199999999999989,88,100,8.59,GL,1674818632
17,port elizabeth,-33.918,25.5701,302.09,28.939999999999998,66,0,4.63,ZA,1674818633
18,staryy nadym,65.6118,72.6842,265.24,-7.909999999999968,88,64,8.43,RU,1674818633
19,tasiilaq,65.6145,-37.6368,265.24,-7.909999999999968,45,0,9.61,GL,1674818633
20,hilo,19.7297,-155.09,294.4,21.25,88,75,2.57,US,1674818530
21,husavik,66.0449,-17.3389,272.85,-0.2999999999999545,67,7,18.81,IS,1674818635
22,kapaa,22.0752,-159.319,292.33,19.180000000000007,73,20,4.12,US,1674818635
23,angoche,-16.2325,39.9086,304.48,31.33000000000004,59,94,4.83,MZ,1674818635
24,aswan,24.0934,32.907,299.93,26.78000000000003,20,0,1.22,EG,1674818635
25,sitka,57.0531,-135.33,278.09,4.939999999999998,87,100,4.12,US,1674818636
26,natal,-5.795,-35.2094,300.51,27.360000000000014,78,40,3.09,BR,1674818636
27,andenes,69.3143,16.1194,276.14,2.990000000000009,81,75,12.86,NO,1674818636
28,cockburn town,21.4612,-71.1419,298.04,24.890000000000043,76,0,6.81,TC,1674818637
29,bluff,-46.6,168.3333,284.91,11.760000000000048,64,7,1.75,NZ,1674818637
30,atuona,-9.8,-139.0333,298.82,25.670000000000016,80,46,7.73,PF,1674818637
31,ardesen,41.1911,40.9875,286.71,13.560000000000002,44,12,3.15,TR,1674818638
32,quatre cocos,-20.2078,57.7625,302.21,29.060000000000002,79,100,5.08,MU,1674818639
33,cairns,-16.9167,145.7667,299.85,26.700000000000045,100,100,1.03,AU,1674818639
34,tadine,-21.55,167.8833,298.82,25.670000000000016,86,18,4.84,NC,1674818639
35,talara,-4.5772,-81.2719,295.74,22.590000000000032,81,70,4.13,PE,1674818640
36,busselton,-33.65,115.3333,291.21,18.060000000000002,55,0,8.39,AU,1674818640
37,vila velha,-20.3297,-40.2925,299.23,26.08000000000004,87,40,1.03,BR,1674818640
38,san cristobal,7.7669,-72.225,290.25,17.100000000000023,81,100,0.62,VE,1674818641
39,butaritari,3.0707,172.7902,299.87,26.720000000000027,82,61,7.57,KI,1674818641
40,araguacu,-12.9306,-49.8264,295.61,22.460000000000036,91,100,1.58,BR,1674818642
41,lagoa,39.05,-27.9833,287.2,14.050000000000011,69,30,8.51,PT,1674818642
42,new norfolk,-42.7826,147.0587,293.87,20.720000000000027,50,7,3.58,AU,1674818642
43,saint-georges,12.0564,-61.7485,296.97,23.82000000000005,78,20,2.57,GD,1674818642
44,itarema,-2.9248,-39.9167,299.05,25.900000000000034,76,87,2.92,BR,1674818643
45,hithadhoo,-0.6,73.0833,300.54,27.390000000000043,72,80,1.44,MV,1674818643
46,chaoyang,41.5703,120.4586,264.36,-8.789999999999964,38,4,2.02,CN,1674818644
47,aykhal,66.0,111.5,240.65,-32.49999999999997,99,100,3.55,RU,1674818645
48,faya,18.3851,42.4509,292.21,19.060000000000002,43,0,4.8,SA,1674818645
49,atbasar,51.8,68.3333,262.45,-10.699999999999989,83,14,7.33,KZ,1674818646
50,rikitea,-23.1203,-134.9692,298.79,25.640000000000043,76,100,5.67,PF,1674818646
51,bathsheba,13.2167,-59.5167,297.49,24.340000000000032,69,20,3.6,BB,1674818646
52,ixtapa,20.7,-105.2,292.16,19.010000000000048,88,55,1.41,MX,1674818647
53,mahebourg,-20.4081,57.7,302.31,29.160000000000025,70,75,3.6,MU,1674818647
54,castro,-24.7911,-50.0119,289.79,16.640000000000043,75,3,1.81,BR,1674818647
55,caravelas,-17.7125,-39.2481,298.25,25.100000000000023,89,100,2.12,BR,1674818648
56,phalodi,27.1333,72.3667,294.15,21.0,10,0,5.73,IN,1674818648
57,ushuaia,-54.8,-68.3,279.96,6.810000000000002,76,75,2.06,AR,1674818648
58,saskylakh,71.9167,114.0833,235.08,-38.069999999999965,94,23,6.1,RU,1674818649
59,albany,42.6001,-73.9662,270.47,-2.67999999999995,84,83,1.38,US,1674818649
60,saint-philippe,-21.3585,55.7679,301.92,28.77000000000004,84,99,1.41,RE,1674818650
61,bambous virieux,-20.3428,57.7575,302.29,29.140000000000043,70,75,3.6,MU,1674818650
62,taywarah,33.35,64.4167,269.7,-3.4499999999999886,52,92,0.57,AF,1674818651
63,sao filipe,14.8961,-24.4956,296.6,23.450000000000045,68,82,1.87,CV,1674818651
64,spas-demensk,54.4122,34.0226,270.24,-2.909999999999968,80,98,3.09,RU,1674818651
65,saint anthony,45.0205,-93.218,272.67,-0.47999999999996135,93,100,5.14,US,1674818652
66,nikolskoye,59.7035,30.7861,270.26,-2.8899999999999864,81,6,1.73,RU,1674818652
67,bhan,26.5583,67.7214,294.66,21.510000000000048,11,58,3.25,PK,1674818653
68,tandil,-37.3217,-59.1332,295.75,22.600000000000023,87,89,1.8,AR,1674818653
69,cherskiy,68.75,161.3,243.96,-29.18999999999997,88,23,1.76,RU,1674818653
70,olafsvik,64.8945,-23.7142,274.61,1.4600000000000364,73,72,21.08,IS,1674818654
71,narovchat,53.8765,43.6946,267.95,-5.199999999999989,91,45,4.5,RU,1674818654
72,klaksvik,62.2266,-6.589,279.66,6.510000000000048,74,100,11.97,FO,1674818655
73,axim,4.8699,-2.2405,302.65,29.5,68,93,3.56,GH,1674818655
74,torbay,47.6666,-52.7314,281.8,8.650000000000034,96,100,8.75,CA,1674818656
75,lithakia,37.7167,20.8333,285.8,12.650000000000034,82,40,0.0,GR,1674818656
76,narsaq,60.9167,-46.05,266.27,-6.8799999999999955,71,100,7.49,GL,1674818656
77,molchanovo,57.5817,83.7692,265.53,-7.6200000000000045,91,100,5.26,RU,1674818657
78,los llanos de aridane,28.6585,-17.9182,289.01,15.860000000000014,68,75,8.23,ES,1674818657
79,roma,43.2128,-75.4557,270.75,-2.3999999999999773,93,100,1.54,US,1674818658
80,lavrentiya,65.5833,-171.0,254.37,-18.779999999999973,98,100,4.5,RU,1674818658
81,belyy yar,53.6039,91.3903,271.09,-2.0600000000000023,59,0,6.0,RU,1674818659
82,guisa,20.255,-76.5386,291.23,18.08000000000004,85,11,1.51,CU,1674818659
83,padampur,29.6833,73.6167,293.77,20.620000000000005,14,0,3.03,IN,1674818659
84,zhigansk,66.7697,123.3711,224.58,-48.569999999999965,99,56,2.46,RU,1674818660
85,avarua,-21.2078,-159.775,299.18,26.03000000000003,89,20,2.57,CK,1674818660
86,kodiak,57.79,-152.4072,269.88,-3.269999999999982,86,20,2.57,US,1674818661
87,sokna,60.24,9.9235,267.33,-5.819999999999993,91,85,0.47,NO,1674818661
88,samastipur,25.85,85.7833,299.94,26.79000000000002,38,6,6.42,IN,1674818661
89,souillac,-20.5167,57.5167,302.36,29.210000000000036,70,75,3.6,MU,1674818662
90,medina,24.4686,39.6142,295.39,22.24000000000001,40,40,7.2,SA,1674818579
91,jiwani,25.05,61.7417,292.5,19.350000000000023,45,99,4.18,PK,1674818662
92,chuy,-33.6971,-53.4616,297.27,24.120000000000005,79,8,3.04,UY,1674818663
93,hermanus,-34.4187,19.2345,300.26,27.110000000000014,61,0,5.89,ZA,1674818663
94,east london,-33.0153,27.9116,301.67,28.52000000000004,61,0,3.6,ZA,1674818548
95,talnakh,69.4865,88.3972,256.04,-17.109999999999957,96,100,3.92,RU,1674818664
96,kristiansand,58.1467,7.9956,275.29,2.140000000000043,80,20,1.03,NO,1674818664
97,kavaratti,10.5669,72.642,300.05,26.900000000000034,73,2,3.06,IN,1674818664
98,severo-kurilsk,50.6789,156.125,272.69,-0.45999999999997954,92,94,5.79,RU,1674818664
99,hofn,64.2539,-15.2082,275.16,2.0100000000000477,69,20,5.66,IS,1674818665
100,karaton,-6.3424,106.1045,297.67,24.52000000000004,91,100,2.0,ID,1674818665
101,sao joao da barra,-21.6403,-41.0511,299.2,26.05000000000001,86,46,2.43,BR,1674818666
102,fortuna,40.5982,-124.1573,277.34,4.189999999999998,100,0,0.0,US,1674818666
103,wawa,9.9022,4.4192,307.42,34.27000000000004,27,92,1.32,NG,1674818666
104,mar del plata,-38.0023,-57.5575,296.39,23.24000000000001,95,0,1.54,AR,1674818667
105,morden,49.1919,-98.1014,260.07,-13.079999999999984,78,100,7.72,CA,1674818667
106,bantry,51.6833,-9.45,280.25,7.100000000000023,75,51,1.26,IE,1674818668
107,deputatskiy,69.3,139.9,237.22,-35.92999999999998,98,19,0.93,RU,1674818668
108,kristiinankaupunki,62.2743,21.376,270.98,-2.169999999999959,83,82,3.75,FI,1674818668
109,mechetinskaya,46.7713,40.456,277.86,4.710000000000036,38,0,6.64,RU,1674818669
110,tautira,-17.7333,-149.15,299.8,26.650000000000034,79,45,7.93,PF,1674818669
111,yellowknife,62.456,-114.3525,244.57,-28.579999999999984,69,75,3.09,CA,1674818670
112,pulandian,39.3953,121.9669,266.59,-6.560000000000002,42,3,2.04,CN,1674818378
113,lebu,-37.6167,-73.65,285.99,12.840000000000032,82,3,7.75,CL,1674818671
114,chokurdakh,70.6333,147.9167,240.66,-32.48999999999998,99,26,3.55,RU,1674818671
115,palmer,42.1584,-72.3287,271.38,-1.7699999999999818,76,0,0.0,US,1674818671
116,rawson,-43.3002,-65.1023,290.28,17.129999999999995,39,2,7.68,AR,1674818430
117,cabo san lucas,22.8909,-109.9124,289.05,15.900000000000034,55,100,1.83,MX,1674818672
118,pangkalanbuun,-2.6833,111.6167,297.44,24.29000000000002,96,100,1.38,ID,1674818673
119,donghai,22.9459,115.642,287.23,14.080000000000041,31,94,6.41,CN,1674818673
120,bairiki,1.3292,172.9752,300.15,27.0,83,40,4.12,KI,1674818673
121,rincon,32.296,-81.2354,277.51,4.360000000000014,75,0,1.54,US,1674818674
122,francisco sa,-16.4758,-43.4883,297.23,24.08000000000004,91,100,1.21,BR,1674818674
123,broome,42.2506,-75.833,270.58,-2.569999999999993,88,100,2.06,US,1674818674
124,kandalaksha,67.162,32.4123,265.43,-7.71999999999997,88,99,1.67,RU,1674818675
125,chumikan,54.7183,135.315,247.24,-25.909999999999968,83,100,8.91,RU,1674818675
126,sibolga,1.7427,98.7792,298.77,25.620000000000005,87,78,1.98,ID,1674818675
127,sorong,-0.8833,131.25,300.26,27.110000000000014,79,100,3.27,ID,1674818647
128,kruisfontein,-34.0033,24.7314,300.86,27.710000000000036,43,8,5.92,ZA,1674818676
129,sinnamary,5.3833,-52.95,297.3,24.150000000000034,82,82,3.35,GF,1674818676
130,tuktoyaktuk,69.4541,-133.0374,239.81,-33.339999999999975,99,9,0.45,CA,1674818676
131,clyde river,70.4692,-68.5914,247.28,-25.869999999999976,76,100,8.75,CA,1674818677
132,pisco,-13.7,-76.2167,293.18,20.03000000000003,88,99,1.03,PE,1674818677
133,qaanaaq,77.484,-69.3632,250.63,-22.519999999999982,85,100,1.27,GL,1674818678
134,coquimbo,-29.9533,-71.3436,289.0,15.850000000000023,94,75,1.03,CL,1674818678
135,shenkursk,62.1091,42.896,264.04,-9.109999999999957,96,97,1.56,RU,1674818678
136,aketi,2.7388,23.7833,311.14,37.99000000000001,21,91,1.33,CD,1674818679
137,bredasdorp,-34.5322,20.0403,301.97,28.82000000000005,38,0,6.23,ZA,1674818679
138,vysokogornyy,50.1167,139.15,241.88,-31.269999999999982,100,63,1.63,RU,1674818680
139,arraial do cabo,-22.9661,-42.0278,300.07,26.920000000000016,74,20,2.06,BR,1674818680
140,puerto ayora,-0.7393,-90.3518,296.23,23.08000000000004,96,21,0.45,EC,1674818681
141,talaya,61.3833,152.75,237.9,-35.24999999999997,98,100,1.84,RU,1674818682
142,luderitz,-26.6481,15.1594,297.02,23.870000000000005,57,3,6.95,,1674818408
143,edson,53.5835,-116.4356,273.23,0.08000000000004093,93,100,2.57,CA,1674818683
144,okha,53.5739,142.9478,252.12,-21.029999999999973,95,100,10.95,RU,1674818683
145,litovko,49.2361,135.1742,240.45,-32.69999999999999,98,28,1.08,RU,1674818684
146,teodoro sampaio,-22.5325,-52.1675,296.12,22.970000000000027,67,60,5.07,BR,1674818685
147,bengkulu,-3.8004,102.2655,299.43,26.28000000000003,79,100,5.98,ID,1674818440
148,portland,45.5234,-122.6762,279.93,6.78000000000003,93,100,4.47,US,1674818333
149,vao,-22.6667,167.4833,298.69,25.54000000000002,74,63,5.6,NC,1674818686
150,barrow,71.2906,-156.7887,247.16,-25.98999999999998,76,0,5.66,US,1674818686
151,sorland,67.667,12.6934,280.07,6.920000000000016,93,100,17.68,NO,1674818687
152,acapulco,16.8634,-99.8901,294.05,20.900000000000034,83,0,0.0,MX,1674818687
153,carnarvon,-24.8667,113.6333,298.14,24.99000000000001,65,0,11.52,AU,1674818687
154,airai,-8.9266,125.4092,290.34,17.189999999999998,95,99,0.53,TL,1674818687
155,san patricio,28.017,-97.5169,287.07,13.920000000000016,67,84,2.95,US,1674818688
156,shenjiamen,29.9576,122.298,276.07,2.920000000000016,54,19,10.82,CN,1674818688
157,farah,32.5,62.5,280.88,7.730000000000018,28,100,0.99,AF,1674818688
158,llata,-9.4167,-76.7833,284.14,10.990000000000009,91,100,1.23,PE,1674818689
159,igarka,67.4667,86.5833,256.06,-17.089999999999975,96,100,5.69,RU,1674818689
160,amurzet,47.6967,131.0981,242.88,-30.269999999999982,95,20,2.09,RU,1674818690
161,ponta do sol,32.6667,-17.1,291.32,18.170000000000016,70,19,2.34,PT,1674818690
162,thompson,55.7435,-97.8558,247.24,-25.909999999999968,70,20,3.6,CA,1674818690
163,walvis bay,-22.9575,14.5053,294.31,21.160000000000025,72,62,4.35,,1674818691
164,diffa,13.3154,12.6113,307.19,34.04000000000002,7,5,2.54,NE,1674818692
165,chegdomyn,51.1167,133.0167,236.54,-36.609999999999985,98,16,1.4,RU,1674818692
166,dikson,73.5069,80.5464,256.16,-16.989999999999952,91,100,7.1,RU,1674818692
167,stuttgart,48.7823,9.177,274.58,1.4300000000000068,85,100,2.57,DE,1674818693
168,cururupu,-1.8283,-44.8683,295.49,22.340000000000032,99,100,1.25,BR,1674818693
169,saldanha,-33.0117,17.9442,301.18,28.03000000000003,75,21,7.4,ZA,1674818693
170,beringovskiy,63.05,179.3167,256.4,-16.75,96,97,3.63,RU,1674818694
171,nassau,40.7507,-73.5829,276.52,3.3700000000000045,75,0,2.06,US,1674818694
172,cidreira,-30.1811,-50.2056,298.88,25.730000000000018,75,34,2.54,BR,1674818695
173,tual,-5.6667,132.75,301.79,28.640000000000043,69,96,3.24,ID,1674818695
174,hermon,44.8101,-68.9134,268.37,-4.779999999999973,76,20,1.54,US,1674818696
175,salalah,17.0151,54.0924,298.2,25.05000000000001,65,75,3.6,OM,1674818696
176,mattru,7.6244,-11.8332,304.77,31.620000000000005,55,59,0.27,SL,1674818697
177,yarmouth,41.7057,-70.2286,274.8,1.650000000000034,70,0,8.05,US,1674818697
178,vestmanna,62.1564,-7.1664,278.66,5.510000000000048,70,75,9.26,FO,1674818698
179,opuwo,-18.0607,13.84,303.22,30.07000000000005,36,82,3.15,,1674818699
180,puerto escondido,15.85,-97.0667,295.61,22.460000000000036,83,0,2.06,MX,1674818699
181,sambava,-14.2667,50.1667,302.63,29.480000000000018,66,71,3.8,MG,1674818700
182,adjumani,3.3779,31.7909,306.89,33.74000000000001,22,100,4.09,UG,1674818700
183,castelo branco,39.8222,-7.4909,282.79,9.640000000000043,63,1,6.38,PT,1674818700
184,kyren,51.6828,102.1408,260.82,-12.329999999999984,75,35,2.58,RU,1674818701
185,bacolod,10.6667,122.95,298.92,25.77000000000004,89,57,4.7,PH,1674818611
186,barranca,-10.75,-77.7667,294.03,20.879999999999995,82,99,2.19,PE,1674818701
187,pangnirtung,66.1451,-65.7125,241.79,-31.359999999999985,88,97,3.12,CA,1674818702
188,barreirinhas,-2.7469,-42.8264,298.32,25.170000000000016,85,90,2.86,BR,1674818702
189,kutum,14.2,24.6667,300.79,27.640000000000043,8,6,4.4,SD,1674818703
190,lorengau,-2.0226,147.2712,300.57,27.420000000000016,78,77,4.29,PG,1674818703
191,dmitriyevka,54.75,55.3333,267.9,-5.25,81,77,5.81,RU,1674818703
192,armidale,-30.5167,151.65,287.28,14.129999999999995,94,100,1.81,AU,1674818704
193,leningradskiy,69.3833,178.4167,242.31,-30.839999999999975,99,90,3.59,RU,1674818704
194,eganville,45.5334,-77.0994,252.78,-20.369999999999976,100,91,0.78,CA,1674818705
195,geraldton,-28.7667,114.6,295.38,22.230000000000018,78,40,11.32,AU,1674818705
196,flinders,-34.5833,150.8552,296.58,23.430000000000007,84,100,1.34,AU,1674818705
197,ribeira grande,38.5167,-28.7,289.69,16.54000000000002,59,40,7.2,PT,1674818706
198,margate,51.3813,1.3862,280.76,7.610000000000014,71,56,2.68,GB,1674818706
199,nantucket,41.2835,-70.0995,275.21,2.0600000000000023,67,0,4.12,US,1674818706
200,saint george,37.1041,-113.5841,273.12,-0.029999999999972715,72,0,2.06,US,1674818706
201,morristown,36.214,-83.2949,271.61,-1.5399999999999636,76,0,2.06,US,1674818707
202,tiksi,71.6872,128.8694,234.24,-38.90999999999997,99,70,1.38,RU,1674818708
203,panaba,21.2833,-88.2667,294.64,21.49000000000001,84,100,5.29,MX,1674818708
204,vila franca do campo,37.7167,-25.4333,286.38,13.230000000000018,74,50,3.74,PT,1674818709
205,rio grande,-32.035,-52.0986,301.21,28.060000000000002,84,4,2.56,BR,1674818709
206,upernavik,72.7868,-56.1549,255.75,-17.399999999999977,91,100,2.33,GL,1674818709
207,mogadishu,2.0371,45.3438,301.08,27.930000000000007,74,0,8.75,SO,1674818710
208,praya,14.9215,-23.5087,300.45,27.30000000000001,36,0,5.66,CV,1674818710
209,kismayo,-0.3582,42.5454,301.21,28.060000000000002,62,2,7.84,SO,1674818710
210,huambo,-12.7761,15.7392,294.48,21.33000000000004,70,97,1.97,AO,1674818711
211,copperas cove,31.1241,-97.9031,277.97,4.82000000000005,64,0,4.12,US,1674818711
212,linjiang,41.8069,126.9078,252.2,-20.94999999999999,99,84,0.66,CN,1674818712
213,uarini,-2.99,-65.1083,295.04,21.890000000000043,99,85,0.96,BR,1674818712
214,lata,40.1629,-8.3327,282.64,9.490000000000009,61,0,2.18,PT,1674818712
215,sulangan,11.1373,123.7228,299.92,26.77000000000004,85,52,5.52,PH,1674818713
216,cam ranh,11.9214,109.1591,297.13,23.980000000000018,69,40,8.75,VN,1674818463
217,kaitangata,-46.2817,169.8464,282.83,9.680000000000007,76,15,1.86,NZ,1674818713
218,banda aceh,5.5577,95.3222,297.91,24.760000000000048,88,98,1.28,ID,1674818714
219,khandbari,27.3747,87.2039,294.34,21.189999999999998,42,99,2.45,NP,1674818714
220,kahului,20.8947,-156.47,295.16,22.010000000000048,91,40,6.69,US,1674818715
221,kavieng,-2.5744,150.7967,300.93,27.78000000000003,77,99,4.58,PG,1674818715
222,sabha,27.0377,14.4283,289.36,16.210000000000036,28,24,6.14,LY,1674818716
223,itupiranga,-5.1347,-49.3267,295.33,22.180000000000007,95,74,1.19,BR,1674818716
224,cabedelo,-6.9811,-34.8339,301.52,28.370000000000005,72,12,3.82,BR,1674818717
225,jieshi,22.8134,115.8257,288.45,15.300000000000011,38,91,7.21,CN,1674818717
226,pevek,69.7008,170.3133,247.46,-25.68999999999997,89,27,1.21,RU,1674818717
227,yueyang,29.3333,113.0919,278.79,5.640000000000043,23,0,2.92,CN,1674818717
228,castelldefels,41.2779,1.9703,283.77,10.620000000000005,59,40,4.63,ES,1674818718
229,xichang,27.8964,102.2634,279.65,6.5,55,83,0.97,CN,1674818435
230,berlevag,70.8578,29.0864,274.15,1.0,86,75,6.69,NO,1674818719
231,kokopo,-4.352,152.2633,298.76,25.610000000000014,83,45,2.74,PG,1674818719
232,nicoya,10.1483,-85.452,296.43,23.28000000000003,75,100,5.19,CR,1674818720
233,bagdarin,54.4333,113.6,247.03,-26.119999999999976,93,21,1.93,RU,1674818720
234,san matias,-16.3667,-58.4,297.42,24.27000000000004,90,83,1.91,BO,1674818721
235,kieta,-6.2167,155.6333,299.58,26.430000000000007,82,24,1.73,PG,1674818721
236,padang,-0.9492,100.3543,296.18,23.03000000000003,85,95,1.54,ID,1674818655
237,bundaberg,-24.85,152.35,298.27,25.120000000000005,91,73,0.45,AU,1674818722
238,yeniseysk,58.4497,92.1703,265.42,-7.729999999999961,91,100,4.88,RU,1674818722
239,faanui,-16.4833,-151.75,300.09,26.939999999999998,77,26,5.6,PF,1674818722
240,longyearbyen,78.2186,15.6401,262.06,-11.089999999999975,62,20,9.26,SJ,1674818723
241,te anau,-45.4167,167.7167,280.98,7.830000000000041,85,1,1.91,NZ,1674818723
242,baghdad,33.3406,44.4009,289.1,15.950000000000045,48,0,2.06,IQ,1674818723
243,devonport,-41.1667,146.35,290.98,17.83000000000004,90,22,2.52,AU,1674818719
244,elliot,-31.3333,27.85,302.51,29.360000000000014,27,13,2.46,ZA,1674818724
245,westport,41.1415,-73.3579,275.79,2.640000000000043,76,0,2.06,US,1674818725
246,atar,20.5169,-13.0499,295.54,22.390000000000043,13,85,4.65,MR,1674818725
247,ivanishchi,55.7742,40.4273,271.25,-1.8999999999999773,94,100,3.6,RU,1674818725
248,port lincoln,-34.7333,135.8667,298.66,25.510000000000048,52,92,1.34,AU,1674818725
249,provideniya,64.3833,-173.3,256.54,-16.609999999999957,96,100,6.63,RU,1674818726
250,esperance,-33.8667,121.9,291.25,18.100000000000023,75,76,7.84,AU,1674818727
251,uyuni,-20.4597,-66.825,282.86,9.710000000000036,70,88,1.19,BO,1674818727
252,lazaro cardenas,17.9583,-102.2,294.09,20.939999999999998,52,0,1.72,MX,1674818728
253,kulhudhuffushi,6.6221,73.07,300.15,27.0,74,4,4.44,MV,1674818728
254,vardo,70.3705,31.1107,270.14,-3.009999999999991,86,75,7.2,NO,1674818728
255,keflavik,64.0049,-22.5624,275.39,2.240000000000009,64,75,16.98,IS,1674818729
256,tsaratanana,-16.7833,47.65,299.04,25.890000000000043,82,97,6.12,MG,1674818729
257,sayyan,15.1718,44.3244,291.64,18.49000000000001,23,11,3.88,YE,1674818729
258,biak,-0.9131,122.8766,298.47,25.32000000000005,83,93,2.56,ID,1674818729
259,didi lilo,41.7361,44.9647,275.03,1.8799999999999955,52,0,2.06,GE,1674818730
260,songea,-10.6833,35.65,300.17,27.02000000000004,54,84,2.04,TZ,1674818730
261,anadyr,64.75,177.4833,259.43,-13.71999999999997,78,100,12.0,RU,1674818717
262,laguna,38.421,-121.4238,282.09,8.939999999999998,91,0,1.54,US,1674818731
263,sola,-13.8833,167.55,301.06,27.910000000000025,78,97,5.57,VU,1674818731
264,tyup,42.7276,78.3648,266.31,-6.839999999999975,86,6,1.72,KG,1674818732
265,ponta delgada,37.7333,-25.6667,286.55,13.400000000000034,71,75,3.09,PT,1674818732
266,petropavlovsk-kamchatskiy,53.0452,158.6483,268.48,-4.669999999999959,68,75,3.0,RU,1674818492
267,codrington,-38.2667,141.9667,289.69,16.54000000000002,72,0,2.75,AU,1674818733
268,alikalia,9.1667,-11.4,304.26,31.110000000000014,49,67,0.78,SL,1674818733
269,tuy hoa,13.0833,109.3,295.53,22.379999999999995,85,78,7.26,VN,1674818712
270,santa maria,-29.6842,-53.8069,294.76,21.610000000000014,100,100,2.06,BR,1674818735
271,preobrazheniye,42.9019,133.9064,258.41,-14.739999999999952,69,25,4.95,RU,1674818735
272,ancud,-41.8697,-73.8203,283.34,10.189999999999998,82,14,1.09,CL,1674818736
273,itoman,26.1247,127.6694,286.16,13.010000000000048,67,75,16.98,JP,1674818736
274,harper,4.375,-7.7169,302.06,28.910000000000025,70,33,3.11,LR,1674818736
275,bafra,41.5678,35.9069,288.61,15.460000000000036,37,49,3.91,TR,1674818736
276,mareeba,-17.0,145.4333,297.28,24.129999999999995,95,95,1.23,AU,1674818737
277,carahue,-38.7,-73.1667,282.64,9.490000000000009,94,14,0.22,CL,1674818737
278,wajima,37.4,136.9,274.26,1.1100000000000136,82,100,10.23,JP,1674818481
279,port hardy,50.6996,-127.4199,280.25,7.100000000000023,93,100,5.14,CA,1674818738
280,guerrero negro,27.9769,-114.0611,285.52,12.370000000000005,40,89,1.91,MX,1674818738
281,georgetown,5.4112,100.3354,302.17,29.02000000000004,74,20,2.57,MY,1674818739
282,royal palm beach,26.7084,-80.2306,291.48,18.33000000000004,73,75,5.14,US,1674818739
283,colesberg,-30.72,25.0972,304.88,31.730000000000018,19,1,6.58,ZA,1674818740
284,buarcos,40.166,-8.8768,283.52,10.370000000000005,66,0,4.45,PT,1674818741
285,nhulunbuy,-12.2333,136.7667,301.49,28.340000000000032,83,40,0.0,AU,1674818741
286,lalmohan,22.3384,90.7419,299.73,26.58000000000004,43,17,5.11,BD,1674818741
287,hornepayne,49.2138,-84.7705,253.3,-19.849999999999966,97,97,2.4,CA,1674818742
288,gobabis,-22.45,18.9667,304.77,31.620000000000005,20,6,4.0,,1674818742
289,labuan,5.2767,115.2417,301.35,28.200000000000045,83,20,3.6,MY,1674818577
290,coihaique,-45.5752,-72.0662,282.49,9.340000000000032,81,75,0.0,CL,1674818742
291,maltahohe,-24.8333,16.9833,305.31,32.160000000000025,23,75,3.53,,1674818743
292,moba,33.2288,105.0179,271.24,-1.9099999999999682,26,15,1.07,CN,1674818744
293,san rafael,-34.6177,-68.3301,294.84,21.689999999999998,45,50,5.03,AR,1674818744
294,lianzhou,24.7811,112.3825,280.32,7.170000000000016,42,50,2.74,CN,1674818744
295,carutapera,-1.195,-46.02,296.1,22.950000000000045,97,100,3.53,BR,1674818745
296,aviles,43.5547,-5.9248,284.22,11.07000000000005,72,40,4.12,ES,1674818745
297,shenzhen,22.5455,114.0683,288.23,15.080000000000041,39,96,7.16,CN,1674818745
298,grand gaube,-20.0064,57.6608,302.37,29.220000000000027,83,100,1.34,MU,1674818746
299,hervey bay,-25.2986,152.8535,298.57,25.420000000000016,80,77,4.09,AU,1674818746
300,yulara,-25.2406,130.9889,302.11,28.960000000000036,45,100,4.24,AU,1674818747
301,nome,64.5011,-165.4064,261.57,-11.579999999999984,92,100,11.32,US,1674818747
302,killybegs,54.6333,-8.45,279.99,6.840000000000032,84,75,4.01,IE,1674818747
303,okakarara,-20.5833,17.4333,305.5,32.35000000000002,21,34,5.23,,1674818748
304,harnosand,62.6323,17.9379,265.15,-8.0,76,91,3.64,SE,1674818748
305,teya,60.3778,92.6267,263.6,-9.549999999999955,87,100,4.85,RU,1674818748
306,kloulklubed,7.0419,134.2556,297.43,24.28000000000003,85,100,5.22,PW,1674818749
307,khani,41.9563,42.9566,280.91,7.760000000000048,23,0,1.76,GE,1674818749
308,kawalu,-7.3817,108.2082,296.97,23.82000000000005,93,100,1.18,ID,1674818750
309,roald,62.5833,6.1333,278.89,5.740000000000009,65,20,9.77,NO,1674818750
310,alofi,-19.0595,-169.9187,297.09,23.939999999999998,94,40,1.03,NU,1674818751
311,harboore,56.6175,8.1807,274.34,1.1899999999999977,90,57,0.46,DK,1674818751
312,lubango,-14.9172,13.4925,295.45,22.30000000000001,56,94,2.28,AO,1674818751
313,kitui,-1.367,38.0106,300.09,26.939999999999998,42,43,4.15,KE,1674818752
314,norman wells,65.282,-126.8329,255.17,-17.97999999999999,78,100,6.69,CA,1674818752
315,college,64.8569,-147.8028,254.12,-19.029999999999973,78,75,0.0,US,1674818753
316,copiapo,-27.3667,-70.3333,287.98,14.830000000000041,78,1,0.6,CL,1674818753
317,vengerovo,55.6848,76.7471,265.54,-7.609999999999957,92,100,6.22,RU,1674818753
318,namatanai,-3.6667,152.4333,299.87,26.720000000000027,78,59,3.07,PG,1674818754
319,ahipara,-35.1667,173.1667,292.99,19.840000000000032,95,87,2.66,NZ,1674818754
320,ous,60.9058,61.5186,269.78,-3.3700000000000045,92,100,2.01,RU,1674818755
321,batagay-alyta,67.8006,130.4114,233.6,-39.54999999999998,89,72,1.73,RU,1674818756
322,portales,34.1862,-103.3344,269.23,-3.919999999999959,56,0,6.46,US,1674818756
323,namibe,-15.1961,12.1522,298.91,25.760000000000048,68,69,4.63,AO,1674818756
324,jizan,17.3333,42.6667,303.67,30.52000000000004,43,22,3.08,SA,1674818757
325,forestville,38.8451,-76.875,274.98,1.830000000000041,75,0,1.54,US,1674818757
326,notre-dame-du-lac,47.6136,-68.7964,254.34,-18.809999999999974,91,34,2.99,CA,1674818758
327,athabasca,54.7169,-113.2854,264.38,-8.769999999999982,94,99,4.09,CA,1674818758
328,boyuibe,-20.4167,-63.2833,294.82,21.670000000000016,88,88,0.86,BO,1674818759
329,lisakovsk,52.5369,62.4936,265.71,-7.439999999999998,82,36,5.98,KZ,1674818759
330,ukiah,39.1502,-123.2078,280.46,7.310000000000002,82,0,0.0,US,1674818759
331,bac lieu,9.285,105.7244,298.65,25.5,79,100,5.8,VN,1674818554
332,marienburg,54.0359,19.0266,276.4,3.25,75,87,5.13,PL,1674818760
333,sao francisco do sul,-26.2433,-48.6381,295.93,22.78000000000003,78,10,1.66,BR,1674818760
334,bethalto,38.9092,-90.0407,270.96,-2.1899999999999977,84,100,3.09,US,1674818761
335,samarai,-10.6167,150.6667,301.35,28.200000000000045,76,54,6.06,PG,1674818761
336,doha,25.2867,51.5333,294.32,21.170000000000016,77,75,5.66,QA,1674818761
337,twentynine palms,34.1356,-116.0542,282.08,8.930000000000007,40,0,1.34,US,1674818762
338,chaguanas,10.5167,-61.4167,294.91,21.760000000000048,58,20,0.0,TT,1674818762
339,aklavik,68.2191,-135.0107,250.12,-23.029999999999973,98,100,1.5,CA,1674818762
340,wonthaggi,-38.6044,145.5913,290.27,17.120000000000005,78,0,4.59,AU,1674818762
341,celestun,20.8667,-90.4,294.63,21.480000000000018,85,100,6.16,MX,1674818763
342,qui nhon,13.7667,109.2333,295.67,22.52000000000004,84,53,8.95,VN,1674818626
343,sainte-maxime,43.3,6.6333,285.16,12.010000000000048,64,86,3.35,FR,1674818763
344,kenitra,34.261,-6.5802,287.57,14.420000000000016,80,65,2.18,MA,1674818764
345,komsomolskiy,40.4272,71.7189,275.55,2.400000000000034,48,99,2.06,UZ,1674818765
346,katsuura,35.1333,140.3,277.45,4.300000000000011,91,100,1.24,JP,1674818765
347,micheweni,-4.9667,39.8333,301.8,28.650000000000034,65,86,6.46,TZ,1674818765
348,labuhan,-6.8844,112.2051,299.47,26.32000000000005,86,100,4.19,ID,1674818766
349,hobyo,5.3505,48.5268,300.15,27.0,59,31,8.4,SO,1674818766
350,nabire,-3.3667,135.4833,299.08,25.930000000000007,84,95,0.43,ID,1674818766
351,znamenskoye,57.1281,73.8282,266.97,-6.17999999999995,94,100,3.95,RU,1674818767
352,shahr-e babak,30.1165,55.1186,279.04,5.890000000000043,60,94,4.03,IR,1674818767
353,victoria,22.2855,114.1577,288.29,15.140000000000043,38,97,8.94,HK,1674818521
354,orange cove,36.6244,-119.3137,279.39,6.240000000000009,93,0,1.54,US,1674818528
355,iqaluit,63.7506,-68.5145,240.0,-33.14999999999998,75,0,2.06,CA,1674818768
356,brae,60.3964,-1.353,280.45,7.300000000000011,89,100,12.3,GB,1674818768
357,llanes,43.4198,-4.7549,283.09,9.939999999999998,70,80,5.59,ES,1674818769
358,hay river,60.8156,-115.7999,248.14,-25.00999999999999,77,75,4.12,CA,1674818769
359,arys,42.4252,68.795,271.29,-1.8599999999999568,80,100,1.16,KZ,1674818769
360,zalantun,48.0,122.7167,249.7,-23.44999999999999,84,36,1.28,CN,1674818769
361,kedrovyy,56.1667,91.8167,267.52,-5.6299999999999955,93,100,7.13,RU,1674818770
362,rio gallegos,-51.6226,-69.2181,285.18,12.03000000000003,50,0,6.17,AR,1674818770
363,khatanga,71.9667,102.5,246.49,-26.659999999999968,81,96,7.26,RU,1674818771
364,hanover,52.3705,9.7332,277.58,4.430000000000007,92,100,5.14,DE,1674818771
365,sarakhs,36.5449,61.1577,279.66,6.510000000000048,35,1,2.08,IR,1674818771
366,helena,46.5927,-112.0361,276.7,3.5500000000000114,76,100,3.6,US,1674818772
367,wanning,18.8003,110.3967,289.63,16.480000000000018,79,100,8.53,CN,1674818772
368,arman,59.7,150.1667,249.37,-23.779999999999973,79,100,4.32,RU,1674818772
369,beyneu,45.3167,55.2,274.92,1.7700000000000387,53,12,4.03,KZ,1674818772
370,inirida,3.8653,-67.9239,293.4,20.25,85,50,0.59,CO,1674818773
371,necochea,-38.5473,-58.7368,293.92,20.77000000000004,87,39,1.24,AR,1674818773
372,avera,33.194,-82.5271,273.88,0.7300000000000182,77,9,3.4,US,1674818773
373,san policarpo,12.1791,125.5072,299.29,26.140000000000043,87,94,5.48,PH,1674818774
374,madimba,-10.4,40.3333,302.37,29.220000000000027,71,100,6.16,TZ,1674818774
375,vila do maio,15.1333,-23.2167,300.59,27.439999999999998,76,53,5.35,CV,1674818775
376,rocha,-34.4833,-54.3333,297.75,24.600000000000023,74,5,3.42,UY,1674818775
377,gavle,60.6745,17.1417,272.23,-0.9199999999999591,82,34,0.45,SE,1674818776
378,sampit,-2.5333,112.95,297.48,24.33000000000004,95,100,1.15,ID,1674818776
379,buin,-33.7333,-70.75,293.56,20.410000000000025,41,0,1.12,CL,1674818776
380,colombo,6.9319,79.8478,302.12,28.970000000000027,72,94,5.8,LK,1674818645
381,haines junction,60.7522,-137.5108,265.25,-7.899999999999977,93,99,1.61,CA,1674818778
382,rudnichnyy,59.617,52.4703,272.6,-0.5499999999999545,98,100,2.85,RU,1674818778
383,gazanjyk,39.2446,55.5154,278.31,5.160000000000025,36,0,5.2,TM,1674818779
384,kedougou,12.5579,-12.1743,307.79,34.64000000000004,11,62,4.29,SN,1674818779
385,road town,18.4167,-64.6167,297.17,24.02000000000004,88,75,3.09,VG,1674818779
386,goderich,43.7501,-81.7165,272.54,-0.6099999999999568,80,100,5.66,CA,1674818780
387,bandarbeyla,9.4942,50.8122,298.81,25.660000000000025,65,54,6.49,SO,1674818780
388,gornyak,50.9942,81.4661,261.95,-11.199999999999989,76,6,6.69,RU,1674818781
389,lompoc,34.6391,-120.4579,285.33,12.180000000000007,81,0,5.81,US,1674818781
390,cherkasskoye,52.4333,47.2167,267.05,-6.099999999999966,86,100,2.99,RU,1674818781
391,stavelot,50.393,5.9343,275.73,2.580000000000041,94,100,3.63,BE,1674818782
392,hakkari,37.5833,44.1667,275.03,1.8799999999999955,38,20,2.57,TR,1674818782
393,karratha,-20.7377,116.8463,303.24,30.090000000000032,68,70,5.04,AU,1674818783
394,bani,18.2833,-70.3333,295.29,22.140000000000043,78,1,3.83,DO,1674818783
395,hami,42.8,93.45,267.32,-5.829999999999984,29,100,2.48,CN,1674818561
396,ostrovnoy,68.0531,39.5131,266.8,-6.349999999999966,93,89,7.18,RU,1674818784
397,blagoyevo,63.3667,47.9167,266.62,-6.529999999999973,92,100,3.41,RU,1674818784
398,lasa,46.6166,10.7002,275.38,2.230000000000018,58,22,2.2,IT,1674818785
399,umm lajj,25.0213,37.2685,298.18,25.03000000000003,50,1,6.08,SA,1674818785
400,marshall,34.3834,-86.3333,273.21,0.060000000000002274,72,0,0.0,US,1674818785
401,comodoro rivadavia,-45.8667,-67.5,289.07,15.920000000000016,39,0,8.23,AR,1674818786
402,tessalit,20.1986,1.0114,292.63,19.480000000000018,13,24,5.07,ML,1674818786
403,lixourion,38.2019,20.4314,285.15,12.0,66,40,4.12,GR,1674818787
404,dunedin,-45.8742,170.5036,286.37,13.220000000000027,76,38,3.59,NZ,1674818760
405,mmathubudukwane,-24.6,26.4333,307.68,34.53000000000003,23,0,1.85,BW,1674818787
406,erzin,36.9559,36.2,288.9,15.75,36,43,2.25,TR,1674818787
407,usinsk,65.9939,57.5281,265.72,-7.42999999999995,93,94,7.08,RU,1674818788
408,yuzhno-sukhokumsk,44.6581,45.6436,277.41,4.260000000000048,54,7,6.73,RU,1674818788
409,merauke,-8.4667,140.3333,298.91,25.760000000000048,86,100,0.86,ID,1674818718
410,bose,45.4612,8.0137,275.79,2.640000000000043,79,95,1.32,IT,1674818789
411,bhadrak,21.0633,86.5054,303.44,30.29000000000002,30,42,4.79,IN,1674818789
412,bandar-e lengeh,26.5579,54.8807,285.21,12.060000000000002,94,100,6.17,IR,1674818789
413,pimentel,-6.8367,-79.9342,295.31,22.160000000000025,78,0,3.6,PE,1674818790
414,ilulissat,69.2167,-51.1,260.16,-12.989999999999952,61,20,11.32,GL,1674818790
415,gold coast,-28.0,153.4333,299.82,26.670000000000016,89,94,0.51,AU,1674818790
416,hirna,9.2167,41.1,298.21,25.060000000000002,31,6,1.96,ET,1674818791
417,maceio,-9.6658,-35.7353,301.84,28.689999999999998,74,40,4.63,BR,1674818791
418,morros,-9.4467,-46.3003,297.18,24.03000000000003,78,96,1.12,BR,1674818791
419,yomou,7.5603,-9.2653,302.86,29.710000000000036,56,64,1.2,GN,1674818792
420,ballina,-28.8667,153.5667,296.49,23.340000000000032,98,88,3.57,AU,1674818792
421,conceicao do araguaia,-8.2578,-49.2647,296.77,23.620000000000005,92,98,1.4,BR,1674818793
422,mangan,27.5167,88.5333,292.88,19.730000000000018,60,56,2.24,IN,1674818793
423,hokitika,-42.7167,170.9667,289.6,16.450000000000045,81,56,2.32,NZ,1674818794
424,okhotsk,59.3833,143.3,257.88,-15.269999999999982,77,100,6.66,RU,1674818794
425,wasilla,61.5814,-149.4394,272.6,-0.5499999999999545,91,100,1.54,US,1674818794
426,pahrump,36.2083,-115.9839,277.18,4.03000000000003,58,1,0.79,US,1674818795
427,sokolo,14.7328,-6.1219,301.91,28.760000000000048,13,99,7.23,ML,1674818795
428,nelson bay,-32.7167,152.15,298.18,25.03000000000003,100,100,8.05,AU,1674818796
429,yuancheng,36.652,107.7896,265.8,-7.349999999999966,21,0,1.37,CN,1674818796
430,hamilton,39.1834,-84.5333,268.95,-4.199999999999989,83,0,2.57,US,1674818797
431,morgan city,29.6994,-91.2068,275.15,2.0,100,0,0.0,US,1674818797
432,noumea,-22.2763,166.4572,300.37,27.220000000000027,99,97,3.89,NC,1674818798
433,arcos,-20.2819,-45.5394,293.5,20.350000000000023,92,90,2.7,BR,1674818798
434,sechura,-5.5569,-80.8222,294.6,21.450000000000045,85,64,2.38,PE,1674818798
435,port macquarie,-31.4333,152.9167,292.96,19.810000000000002,85,100,1.62,AU,1674818799
436,domoni,-12.2569,44.5319,302.74,29.590000000000032,71,43,5.95,KM,1674818799
437,mantua,45.1667,10.7833,280.42,7.270000000000039,61,100,3.13,IT,1674818800
438,richards bay,-28.783,32.0377,302.39,29.24000000000001,57,49,4.82,ZA,1674818800
439,menongue,-14.6585,17.691,298.54,25.390000000000043,60,84,1.63,AO,1674818801
440,sarangani,5.4033,125.4636,300.8,27.650000000000034,80,100,6.98,PH,1674818801
441,eureka,40.8021,-124.1637,277.49,4.340000000000032,78,4,1.37,US,1674818801
442,acarau,-2.8856,-40.12,298.54,25.390000000000043,79,75,2.96,BR,1674818802
443,champerico,14.3,-91.9167,297.37,24.220000000000027,74,38,1.85,GT,1674818802
444,tanhacu,-14.0214,-41.2481,297.23,24.08000000000004,70,88,2.57,BR,1674818802
445,sioux lookout,50.1001,-91.917,259.19,-13.95999999999998,85,100,1.54,CA,1674818803
446,alice town,25.7167,-79.3,295.08,21.930000000000007,83,100,7.99,BS,1674818803
447,raton,36.9034,-104.4391,262.34,-10.810000000000002,72,0,2.06,US,1674818804
448,grafton,42.207,-71.6856,271.73,-1.419999999999959,73,75,4.63,US,1674818804
449,fort nelson,58.8053,-122.7002,258.92,-14.229999999999961,84,100,3.09,CA,1674818805
450,valkeala,60.9401,26.7979,268.88,-4.269999999999982,93,75,2.06,FI,1674818805
451,pineville,31.3224,-92.4343,274.09,0.9399999999999977,86,0,0.0,US,1674818616
452,bonthe,7.5264,-12.505,303.11,29.960000000000036,64,27,1.52,SL,1674818806
453,chengde,40.9725,117.9361,259.34,-13.810000000000002,76,14,1.73,CN,1674818806
454,moree,-29.4667,149.85,298.85,25.700000000000045,51,100,4.75,AU,1674818806
455,tonj,7.2737,28.6822,310.88,37.73000000000002,7,1,3.83,SS,1674818807
456,panorama,40.5878,23.0315,279.88,6.730000000000018,82,40,4.12,GR,1674818520
457,salmas,38.1973,44.7653,275.89,2.740000000000009,34,0,2.18,IR,1674818808
458,kafue,-15.7691,28.1814,298.28,25.129999999999995,75,98,0.73,ZM,1674818808
459,kalmanka,52.8992,83.5433,264.39,-8.759999999999991,71,44,9.76,RU,1674818808
460,isangel,-19.55,169.2667,300.04,26.890000000000043,85,6,3.45,VU,1674818809
461,capaci,38.1711,13.2393,285.51,12.360000000000014,78,40,2.57,IT,1674818809
462,ithaki,38.3642,20.7185,284.99,11.840000000000032,67,91,2.67,GR,1674818810
463,half moon bay,37.4636,-122.4286,285.64,12.490000000000009,68,75,2.57,US,1674818811
464,arlit,18.7369,7.3853,301.42,28.27000000000004,7,97,3.43,NE,1674818811
465,pacific grove,36.6177,-121.9166,285.05,11.900000000000034,86,0,3.09,US,1674818811
466,dungarvan,52.0881,-7.6253,279.02,5.8700000000000045,87,27,1.79,IE,1674818812
467,alice springs,-23.7,133.8833,299.9,26.75,61,40,2.57,AU,1674818812
468,kushmurun,52.4503,64.6311,263.98,-9.169999999999959,85,26,6.84,KZ,1674818812
469,gurupa,-1.405,-51.64,296.73,23.58000000000004,87,99,1.25,BR,1674818813
470,stornoway,58.2093,-6.3865,281.44,8.29000000000002,88,75,6.17,GB,1674818813
471,oksfjord,70.2396,22.3479,277.25,4.100000000000023,92,100,5.53,NO,1674818813
472,vostok,46.4856,135.8833,241.89,-31.25999999999999,99,85,1.64,RU,1674818814
473,neiafu,-18.65,-173.9833,301.29,28.140000000000043,71,53,4.01,TO,1674818814
474,vechelde,52.2604,10.3649,277.43,4.28000000000003,87,100,3.58,DE,1674818815
475,cambrai,50.1667,3.4167,277.76,4.610000000000014,93,100,2.24,FR,1674818815
476,warmbad,-28.45,18.7333,310.63,37.48000000000002,10,3,3.12,,1674818816
477,dubai,25.2582,55.3047,295.31,22.160000000000025,94,40,4.63,AE,1674818523
478,chukhloma,58.7525,42.6825,273.21,0.060000000000002274,99,100,2.59,RU,1674818816
479,constitucion,-35.3333,-72.4167,287.17,14.020000000000039,69,0,2.23,CL,1674818816
480,turinsk,58.0458,63.696,269.77,-3.3799999999999955,94,100,4.07,RU,1674818817
481,adrar,20.5022,-10.0711,291.07,17.920000000000016,17,67,5.39,MR,1674818817
482,rivadavia,-33.1905,-68.4608,294.62,21.470000000000027,65,43,6.83,AR,1674818817
483,ahome,25.9167,-109.1833,287.76,14.610000000000014,73,100,3.95,MX,1674818818
484,puerto baquerizo moreno,-0.9,-89.6,296.75,23.600000000000023,88,10,2.56,EC,1674818818
485,den helder,52.9599,4.7593,278.14,4.990000000000009,72,100,6.26,NL,1674818818
486,new port richey,28.2442,-82.7193,284.8,11.650000000000034,78,5,0.89,US,1674818819
487,mayo,38.8876,-76.5119,276.47,3.32000000000005,70,0,3.6,US,1674818819
488,teguldet,57.3064,88.1667,264.68,-8.46999999999997,92,100,5.9,RU,1674818820
489,tigre,-34.426,-58.5796,294.15,21.0,94,100,6.17,AR,1674818820
490,vestmannaeyjar,63.4427,-20.2734,275.7,2.5500000000000114,75,40,18.01,IS,1674818821
491,birao,10.2849,22.7882,309.71,36.56,6,7,4.71,CF,1674818821
492,selfoss,63.9331,-20.9971,274.84,1.6899999999999977,65,61,14.01,IS,1674818822
493,moron,-34.6534,-58.6198,294.01,20.860000000000014,62,85,1.95,AR,1674818822
494,verkhnevilyuysk,63.4453,120.3167,229.2,-43.94999999999999,100,40,1.08,RU,1674818823
495,jiaozuo,35.2397,113.2331,274.16,1.0100000000000477,15,0,5.86,CN,1674818824
496,raudeberg,61.9875,5.1352,277.57,4.420000000000016,71,100,12.75,NO,1674818824
497,felanitx,39.4696,3.1483,280.9,7.75,71,38,2.76,ES,1674818824
498,guiratinga,-16.3494,-53.7583,295.05,21.900000000000034,94,100,2.78,BR,1674818825
499,kazachinskoye,57.6953,93.2761,265.88,-7.269999999999982,91,100,5.72,RU,1674818825
500,shingu,33.7333,135.9833,276.97,3.82000000000005,78,47,6.54,JP,1674818826
501,taoudenni,22.6783,-3.9836,289.37,16.220000000000027,17,0,3.92,ML,1674818826
502,amas,7.0569,124.9839,297.09,23.939999999999998,93,99,1.36,PH,1674818826
503,jalu,29.0331,21.5482,293.04,19.890000000000043,25,83,1.64,LY,1674818827
504,puerto cabezas,14.0351,-83.3888,297.01,23.860000000000014,80,96,4.7,NI,1674818827
505,kamina,-8.7386,24.9906,296.13,22.980000000000018,80,80,1.84,CD,1674818828
506,narwar,25.65,77.9,293.39,20.24000000000001,30,0,3.94,IN,1674818829
507,mecca,21.4267,39.8261,300.72,27.57000000000005,37,0,3.87,SA,1674818695
508,caibarien,22.5206,-79.4669,291.77,18.620000000000005,80,64,3.78,CU,1674818829
509,uruguaiana,-29.7547,-57.0883,300.45,27.30000000000001,58,0,4.03,BR,1674818830
510,nampula,-15.1165,39.2666,303.12,29.970000000000027,58,75,4.12,MZ,1674818830
511,izumo,35.3667,132.7667,276.12,2.9700000000000273,75,75,11.83,JP,1674818640
512,sairang,23.8,92.6667,297.37,24.220000000000027,44,68,0.74,IN,1674818831
513,upata,8.0086,-62.3989,293.26,20.110000000000014,94,67,1.58,VE,1674818831
514,norsup,-16.0667,167.3833,300.84,27.689999999999998,80,10,3.27,VU,1674818831
515,bulgan,48.8125,103.5347,255.33,-17.819999999999965,86,3,2.42,MN,1674818832
516,egvekinot,66.3167,-179.1667,248.99,-24.159999999999968,98,100,4.71,RU,1674818832
517,mpanda,-6.3655,31.0409,301.25,28.100000000000023,52,50,1.8,TZ,1674818832
518,venice,27.0998,-82.4543,284.25,11.100000000000023,80,0,5.14,US,1674818833
519,hilton head island,32.2163,-80.7526,277.58,4.430000000000007,85,0,0.0,US,1674818834
520,taraclia,45.9,28.6689,277.64,4.490000000000009,71,100,8.1,MD,1674818834
521,rayon,19.1444,-99.5836,281.35,8.200000000000045,86,5,0.19,MX,1674818834
522,yar-sale,66.8333,70.8333,267.06,-6.089999999999975,87,72,7.68,RU,1674818835
523,tuatapere,-46.1333,167.6833,281.8,8.650000000000034,80,2,0.4,NZ,1674818836
524,sorbhog,26.5,90.8667,298.85,25.700000000000045,41,85,1.83,IN,1674818836
525,roros,62.5747,11.3842,267.06,-6.089999999999975,79,75,0.0,NO,1674818837
526,hagersville,42.9668,-80.0497,271.21,-1.9399999999999977,92,100,6.14,CA,1674818837
527,kushima,31.4583,131.2333,275.84,2.6899999999999977,64,38,5.79,JP,1674818837
528,miandrivazo,-19.5167,45.4667,300.67,27.52000000000004,76,100,6.14,MG,1674818838
529,ciudad bolivar,8.1222,-63.5497,294.38,21.230000000000018,87,16,3.45,VE,1674818838
530,raga,8.4596,25.678,309.61,36.460000000000036,8,43,3.77,SS,1674818838
531,alugan,12.2188,125.4808,299.04,25.890000000000043,88,95,5.31,PH,1674818839
532,srandakan,-7.9386,110.2506,299.13,25.980000000000018,86,100,1.74,ID,1674818839
533,berdigestyakh,62.0989,126.6992,227.12,-46.02999999999997,100,50,0.65,RU,1674818839
534,sol-iletsk,51.1631,54.9918,264.17,-8.979999999999961,87,40,3.43,RU,1674818840
535,thunder bay,48.4001,-89.3168,266.14,-7.009999999999991,73,100,2.57,CA,1674818840
536,galitsy,56.1776,42.8459,271.02,-2.1299999999999955,94,100,4.78,RU,1674818841
537,zeya,53.75,127.2667,238.14,-35.00999999999999,97,16,1.96,RU,1674818841
538,inuvik,68.3499,-133.7218,242.63,-30.519999999999982,76,75,3.09,CA,1674818842
539,nago,26.5881,127.9761,286.18,13.03000000000003,69,100,12.56,JP,1674818842
540,kabalo,-6.05,26.9167,304.13,30.980000000000018,55,77,0.29,CD,1674818842
541,nizhniy kuranakh,58.8353,125.4869,230.7,-42.44999999999999,100,28,1.21,RU,1674818842
542,rorvik,64.8621,11.2373,277.21,4.060000000000002,93,75,12.86,NO,1674818843
543,kyrksaeterora,63.2906,9.0891,274.21,1.0600000000000023,71,100,2.97,NO,1674818843
544,kaeo,-35.1,173.7833,294.44,21.29000000000002,97,70,4.34,NZ,1674818844
545,taunggyi,20.7833,97.0333,293.19,20.04000000000002,31,1,1.12,MM,1674818844
546,aripuana,-9.1667,-60.6333,295.29,22.140000000000043,93,100,0.17,BR,1674818844
547,yeppoon,-23.1333,150.7333,297.03,23.879999999999995,87,89,5.75,AU,1674818844
548,kochubey,44.3861,46.5825,277.27,4.1200000000000045,60,7,7.08,RU,1674818845
549,saint-pierre,-21.3393,55.4781,301.97,28.82000000000005,74,100,8.23,RE,1674818845
550,bucerias,20.75,-105.3333,292.58,19.430000000000007,88,61,1.9,MX,1674818846
551,dingle,10.9995,122.6711,297.87,24.720000000000027,93,41,3.29,PH,1674818846
552,qianan,44.9932,124.0581,257.15,-16.0,40,13,3.03,CN,1674818847
553,cavalcante,-13.7975,-47.4583,294.48,21.33000000000004,82,99,1.33,BR,1674818847
554,urbano santos,-3.2078,-43.4036,296.96,23.810000000000002,93,98,2.06,BR,1674818847
555,willowmore,-33.2926,23.4895,304.86,31.710000000000036,28,1,3.05,ZA,1674818848
556,cayenne,4.9333,-52.3333,294.17,21.02000000000004,100,20,0.0,GF,1674818849
557,ca mau,9.1769,105.15,299.09,25.939999999999998,71,100,2.43,VN,1674818841
558,riyadh,24.6877,46.7219,290.23,17.08000000000004,42,4,3.31,SA,1674818850
559,soria,41.6667,-2.6667,275.99,2.840000000000032,66,72,6.14,ES,1674818850
560,beruwala,6.4788,79.9828,298.54,25.390000000000043,78,88,2.4,LK,1674818850
561,marzuq,14.4,46.4667,298.36,25.210000000000036,35,11,3.05,YE,1674818851
562,conde,-7.2597,-34.9075,300.85,27.700000000000045,74,40,3.6,BR,1674818851
563,khandagayty,50.7333,92.05,247.75,-25.399999999999977,99,100,1.78,RU,1674818852
564,manama,26.2154,50.5832,294.25,21.100000000000023,43,20,8.75,BH,1674818852
565,sosnovo,60.5514,30.2144,269.69,-3.4599999999999795,78,7,1.38,RU,1674818852
566,bambanglipuro,-7.95,110.2833,299.03,25.879999999999995,86,100,1.72,ID,1674818852
567,mapiripan,2.8892,-72.1256,294.06,20.910000000000025,72,54,2.0,CO,1674818853
568,zonguldak,41.25,31.8333,285.62,12.470000000000027,37,100,5.98,TR,1674818853
569,henties bay,-22.116,14.2845,293.6,20.450000000000045,75,64,3.89,,1674818854
570,fomboni,-12.28,43.7425,301.41,28.260000000000048,77,35,4.9,KM,1674818854
571,alindao,5.0267,21.2088,311.42,38.27000000000004,19,77,0.85,CF,1674818854
572,srednekolymsk,67.45,153.6833,232.73,-40.41999999999999,99,45,2.79,RU,1674818855
573,miles city,46.4083,-105.8406,274.69,1.5400000000000205,80,75,5.14,US,1674818855
574,tilichiki,60.4667,166.1,249.97,-23.17999999999998,93,98,3.91,RU,1674818855
575,bull savanna,17.8868,-77.5902,293.37,20.220000000000027,78,36,2.21,JM,1674818855
576,olga,43.7444,135.2892,255.49,-17.659999999999968,68,5,4.61,RU,1674818856
577,akdepe,42.0551,59.3788,277.2,4.050000000000011,32,72,2.41,TM,1674818856
578,port-gentil,-0.7193,8.7815,302.13,28.980000000000018,79,40,4.12,GA,1674818856
